id,name,prob,name2,prob2
1454864,None,None,None,None
18297249,贵州省独山县影山镇净心谷景区亮化项目设计施工总承包(EPC),0.5197448920569936,None,None
16286174,武汉市江岸区第二批12校3D实验校配建设项目,0.5119059088990783,None,None
16856908,污水处理厂及污水管网运营工程,0.3204464611640229,None,None
16360745,三坊七巷南街城市生活综合体运营服务项目,0.5061381254102616,None,None
890879,国家电网公司2014年第一批电能表及用电信息采集设备招标采购项目,0.669694734339878,None,None
18849390,济宁经济开发区新河公园、润河公园、三韩河景观工程PPP项目,0.35725416159856593,None,None
827534,佛山市第二水源工程首期项目输配水管网预应力钢筒混凝土管及胶圈采购第I包,0.49717579794874983,None,None
1253343,None,None,None,None
85231,湖南省水运管理局农村渡船改造项目标段,0.4621059258821579,None,None
1398349,None,None,None,None
566872,None,None,None,None
16797697,宁乡经济技术开发区污水处理及回用工程PPP项目,0.41034931911436673,None,None
1462628,上海杨高路-民生路立交工程、川沙A-1地块围场河工程五标、中环线浦东段(军工路越江隧道-高科中路)新建工程3标三项施工工程,0.4892715608326782,None,None
362257,澳门威尼斯人3期巴黎人酒店30-37楼VIP套房内装修工程项目,0.5121809781365102,None,None
15645759,巴布亚新几内亚拉姆二期18万千瓦水电站项目,0.4925486542001221,None,None
16856676,贵州省余庆至安龙高速公路罗甸至望谟段机电工程(隧道机电)施工总承包项目,0.7018456267744071,None,None
15519977,国家电网公司2016年第三次电能表及用电信息采集设备招标,0.4116805030343127,None,None
206673,None,None,None,None
1150652,乌市外环路东北段道路工程二期2B标段工程,0.4841163986479875,None,None
19319318,温瑞平原西片排涝工程(鹿城段)PPP项目,0.4659382049724889,None,None
804079,武乡西山发电有限责任公司2×600MW机组烟气脱硝BOT项目和武乡西山发电有限责任公司2×600MW机组烟气脱硫增容改造BOT项目(不收购原脱硫装置资产),0.48628220624716734,None,None
1312444,北方广电机顶盒供货资格入围招标项目,0.4989379081138561,None,None
15357478,河南省南水北调受水区许昌供水配套工程鄢陵供水工程监理标、施工标、管道采购标、电气设备标、阀件标评标,0.4880343654587401,None,None
16380985,海城市社会立体化防控体系建设项目(PPP项目采购),0.47930956236469,None,None
15716130,四川省雅安至康定高速公路项目机电工程施工第JD1标段,0.5049316443263804,None,None
15624323,None,None,None,None
252540,舟山市定海区金塘北部区域开发建设项目围涂工程施工III标,0.5012008766615316,None,None
20400828,山东省分公司营业用房项目精装石材采购”项目,0.35318813745632416,None,None
37294,山西大唐国际运城发电有限责任公司2×600MW机组烟气脱硝特许经营项目,0.502221867850845,None,None
19971661,奉化国际滨海旅游健康小镇项目首期三标段灌注桩工程,0.5152121400657945,None,None
251511,青州市智能交通及平安城市系统建设工程”项目,0.5135437438674578,None,None
1458884,新建铁路云桂线引入昆明枢纽工程站前工程,0.48277900113122724,None,None
19325922,昭平县桂江一江两岸景观带基础设施建设PPP项目,0.5141312522795787,None,None
39336,None,None,None,None
791610,高压辊磨机铁矿石终粉麻系统成套技术协议,0.16620792115823182,None,None
15789278,前湾片区景观工程(一期)及前湾一路景观廊道市政工程项目,0.27984306613697063,None,None
16277771,定兴县旅发大会观摩线路景观绿化工程勘察设计施工总承包,0.4661735401541674,None,None
15501612,兰州科天水性科技产业园健康科技体验馆景观工程项目,0.5280476172141576,None,None
16900437,唐山乐亭菩提岛海上风电场300兆瓦示范工程的39台风机单桩基础土建和金属结构安装工程,0.21764159657973395,None,None
20260048,成都天府国际空港新城孵化园公共服务配套工程(一期)勘察-设计-施工总承包项目,0.5134018512594247,None,None
16298668,孝义市福孝化工有限公司90万吨/年焦油深加工综合利用项目,0.5104698520261958,None,None
1239319,石家庄炼化分公司油品质量升级及原油劣质化改造工程项目,0.4609823727385567,None,None
313359,齐鲁分公司第一硫磺回收装置安全隐患治理技术改造项目,0.4626138194786442,None,None
544734,浙江省舟山市定海区北蝉乡舟山经济开发区新港区块宗地总面积为143136平方米的土地,0.24171241993354758,None,None
1182869,交通银行金融服务中心实施信息录入类业务外包项目,0.5199077200530509,None,None
1496560,昆明市轨道交通首期工程车辆采购项目整车采购和车辆牵引系统,0.32428599800617075,None,None
242576,杭州市肉类蔬菜流通追溯体系项目,0.4758685234605697,None,None
109988,内蒙古中环光伏材料有限公司三期项目设备第一批采购项目,0.4033043877005388,None,None
1628829,国家电网公司2015年第一批电能表及用电信息采集设备招标采购项目,0.48669582955448054,None,None
15927481,内容是从二级泵站至西冯村管径2.8米PCCP管材采购,0.23172090586032107,None,None
1793234,国家电网公司2015年变电项目、输电线路材料第五批集中招标及国家电网公司2015年酒泉-湖南、晋北-南京±800千伏特高压直流输电线路工程,0.5022002646511324,None,None
1842810,None,None,None,None
1687816,泗洪县东南片区域供水工程PPP项目,0.5270555529589529,None,None
766533,广州市花都区生活垃圾深度分类资源化项目,0.1897971220796289,None,None
1503686,None,None,None,None
19337991,中国移动2018年普通光缆产品集中采购项目(第一批次),0.5428395262343291,None,None
16515306,台州东部新区聚洋大道以东、长浦河以南区块软基处理工程(设计施工总承包)二标段,0.47345855116307184,None,None
1098351,中石化九江分公司油品质量升级改造项目,0.34910931709898724,None,None
15644056,江苏德龙镍业印尼二期项目,0.331927231740036,None,None
287641,北京市西城区金融街月坛中心项目办公综合楼订购协议之补充协议,0.36231043420566134,None,None
581213,None,None,None,None
1778745,浦东新区有机质固废处理厂新建工程,0.31531955847978765,None,None
1700098,新建南昌至赣州铁路客运专线站前工程第CGZQ-1标段、第CGZQ-3标段、第CGZQ-6标段、第CGZQ-12标段施工总价承包,0.4602919896309995,None,None
20325239,广西巴马15MW分布式光伏扶贫项目设计、采购、施工总承包项目,0.4176307646116775,None,None
1317888,马来西亚NSCI公司日产5000吨熟料水泥生产线及现有两台水泥磨升级改造项目土建安装合同,0.3495415049717998,None,None
410374,None,None,None,None
16793420,污水处理厂及污水管网运营工程,0.3204464611640229,None,None
15716307,钟山区月照社区“四在农家.美丽乡村”改善农村人居环境建设项目设计+施工总承包招标工程,0.33405520083886076,None,None
1112378,None,None,None,None
15534842,三亚市海绵城市建设PPP项目,0.5033078681921004,None,None
1862032,台州湾现代农业水生态工程PPP项目,0.5462323724538121,None,None
16910250,中科合资广东炼化一体化项目设计、采购、施工(EPC)总承包第五标段,0.4673602249627173,None,None
20193081,None,None,None,None
27631,None,None,None,None
15822125,广州开发区供水管理中心区供水调度管理系统(一期)政府采购项目,0.3218185101670883,None,None
1096637,国家电网公司各省(地区)2013年第二批配(农)网设备协议库存招标项目,0.47997410255674977,None,None
1384576,None,None,None,None
16954322,定远县黎明湖湿地公园生态景观工程EPC项目及灵璧县城市公园PPP项目,0.5672896208058021,None,None
16684614,华为服务公司2017-2020年中国区网优框架内部招标,0.27730428464107454,None,None
18275406,None,None,None,None
752057,中国大唐集团公司脱硝改造工程大唐湘潭发电有限责任公司2号机组烟气脱硝改造项目,0.440851372852026,None,None
1596785,成都市万兴环保发电厂项目烟气净化系统设备采购服务,0.23078236097878932,None,None
16515385,敖汉旗城市综合体提升改造及生态保护建设PPP项目,0.31987463257998505,None,None
15624553,湖南省安乡至慈利高速公路BOT项目,0.4381716304070909,None,None
15619411,襄阳市鱼梁洲环岛景观带PPP项目,0.7164314390002396,None,None
552788,重庆市丰都至石柱高速公路投资人招标,0.41592616421693557,None,None
16272211,常宁市水口山经济开发区重金属废水深度处理循环利用扩建及管网建设工程(EPC)项目,0.5136172233413737,None,None
1897531,塔山发电公司2×600MW机组电动给水泵节能改造合同能源(节能服务)管理项目,0.4364180513340878,None,None
10805807,岳阳市静脉产业园PPP项目,0.5086344932236518,None,None
19974439,济南高新区三山三水生态景观综合治理工程PPP项目,0.5223150712271112,None,None
16756079,分宜县智慧化城市管理系统建设采购项目,0.547660647500162,None,None
379969,波黑图兹拉火电站7#机组建设项目,0.4778252364890447,None,None
20594392,None,None,None,None
1437844,雅砻江两河口水电站初期导流洞工程I标段,0.25123483681904124,None,None
45165,四川藏区电网建设及灾后加固提高项目线路材料(0711-110TL179),0.2386274634202778,None,None
15908551,15万辆汽车技改总装焊装车间输送项目,0.149018821083711,None,None
171346,新建黄陵至韩城至从侯马铁路(西安局管内)工程高速钢轨扣配件招标采购,0.4291251403803847,None,None
65838,国家电网公司2014年第二批电能表及用电信息采集设备招标采购,0.49216466096528855,None,None
345579,杭州市文一路地下通道紫金港立交段工程,0.3583452132809008,None,None
20335351,昆山市公共自行车运行维护服务项目,0.3696145953089655,None,None
813089,青岛临港经济开发区园区环境综合整治提升工程施工总承包项目,0.6798055248977027,None,None
18862167,沁阳市城市路网建设提升改造PPP项目,0.514416624131287,None,None
16659892,宜昌市临江溪污水处理厂改扩建PPP项目,0.5240100287689384,None,None
482766,广东省清(远)连(州)一级公路升级改造(高速)项目首期工程土建施工招标A5合同段,0.42146078393327824,None,None
20238617,濮阳县2018年城区绿化工程,0.500551067418964,None,None
15690199,五龙河流域综合治理PPP项目,0.502669628818054,None,None
1325757,新疆维吾尔自治区S310线麦盖提-喀什高速公路项目MK-3标段施工投标文件,0.45070452072121836,None,None
151135,萨姆松市100%低地板轻轨车辆招标项目,0.47667296361108225,None,None
43731,苏州市轨道交通2号线工程全线自动扶梯项目,0.37108516667731073,None,None
870323,河北省南水北调配套工程保沧干渠工程沧州段PCCP管道制造第三标段,0.4918278694723307,None,None
1922001,沙县治疗性单克隆抗体生产中试公共服务平台及生产基地项目一期EPC总包招标,0.45988667390906424,None,None
907737,兰州市城市轨道交通1号线一期工程土建I标段、II标段施工总承包项目,0.5035348537696627,None,None
15478686,瓮安县草塘“十二塘”景观工程(一期)PPP项目,0.5083881803602676,None,None
754567,北京地铁线路分公司“钢轨铣磨车招标采购项目,0.2955559892435956,None,None
1233892,福建省莆田至永定高速公路(莆田段)机电工程监控、收费、通信系统和隧道通风、照明、消防及沿线供配电系统供货与安装E合同段,0.25475096206137615,None,None
20529133,2018-2019年中国联通天线集中采购项目,0.2666344907985533,None,None
288653,六盘水市水城河综合治理二期工程,0.48504778353351213,None,None
1630346,2015年度第二批磷酸铁锂蓄电池采购项目,0.424257398490679,None,None
806985,None,None,None,None
15324946,五华县生态技工教育创业园(五华县技工学校、公共实训基地、创业孵化园、湿地公园)PPP建设项目,0.5044641444438102,None,None
982834,蒙自绕城高速公路(羊鸡段)工程项目,0.41192004647456715,None,None
1342719,国家质量监督检验检疫总局中国电子检验检疫主干系统项目,0.5014100027152215,None,None
18875944,挪威E-2Beitstadsundbrua大桥(贝特斯塔德桑德桥)项目,0.4933143904017287,None,None
20595632,鄞县大道(同德路-镇岚路)改造提升工程I标段I-a标段项目,0.5069093463543487,None,None
15645631,思南县郝家湾古寨旅游扶贫基础设施建设项目,0.5067819854575428,None,None
876279,None,None,None,None
16328291,井研县马踏镇等18个集镇生活污水处理站工程施工,0.4997395123118782,None,None
15816820,福建福彩官方微信公众平台建设与维护和新媒体内容运营项目,0.500062898746335,None,None
15506590,合肥市大川新能源科技有限公司长丰县沈岗水库20MW&林庄水库20MW光伏发电项目,0.5005088828475085,None,None
1138862,北京市西城区金融街月坛中心项目办公综合楼订购协议,0.5029345162959417,None,None
447631,澳门威尼斯人瑞吉酒店室内装修工程项目,0.4563827487804738,None,None
16897145,青岛市海绵城市试点区(李沧区)建设PPP项目(板桥坊河流域),0.35948275548270175,None,None
16951229,None,None,None,None
16936744,None,None,None,None
19297172,景德镇市珠山区“城市双修”工程项目设计施工总承包项目,0.4571660033735107,None,None
14139705,道真自治县桑木坝河道综合治理建设项目(一标)”(原项目名称:十二盆山体公园组团项目)和“道真自治县玉溪河河道综合治理建设项目(东段)”(原项目名称:玉溪河河道治理及景观步道项目),0.28883948968050804,None,None
7131,贵州省瓮安县环境工程项目,0.5258942377162535,None,None
15191412,北京市朝阳区将台乡铁路大环内土地一级开发项目,0.3927892584951089,None,None
16345774,四平市东山公园建设项目(休闲园区),0.5127080038273321,None,None
402903,广东五华生态文化教育产业园(广东•五华华侨实验中学)项目,0.49987560075597703,None,None
18821227,桐城市城南污水处理厂二期及配套管网工程PPP项目资产转让,0.48525160739513046,None,None
18865753,None,None,None,None
1676002,泗洪县东南片区域供水工程PPP项目,0.5155025814533152,None,None
16550970,海拉尔农牧场管理局节水灌溉升级改造工程BOT项目,0.30654892386613963,None,None
15362244,孟加拉国吉大港白若伯昆(Barobkundo)-斯万迪坡岛(Swandip)33千伏海底电缆、架空线与变电站总包工程,0.512714181486919,None,None
16528080,国家高速德上线巨野至单县(鲁皖界)段工程,0.20740288018757633,None,None
1498597,长株潭城际铁路CZTZH-2、CZTZH-3标段施工总价承包,0.4423310214503992,None,None
18857042,None,None,None,None
16375849,None,None,None,None
16660214,张北云计算数据中心某项目,0.34731587360104266,None,None
1571116,西非1000t/h热力供汽EPC工程总包项目,0.42615327985458457,None,None
19319715,华虹无锡项目EPC工程总承包-设计施工一体化项目,0.6628562663685863,None,None
16528079,岚山)至菏泽公路枣庄至菏泽段,0.27938042194614177,None,None
16842516,阜阳市颍泉区棚户区改造抱龙安置区产业化工程项目,0.5122546605719855,None,None
1162512,None,None,None,None
20497233,滁州明湖文化旅游PPP项目,0.6084083769899765,None,None
16105240,高唐至东阿高速公路投资人招标项目,0.49525462664698633,None,None
351585,None,None,None,None
19209135,湖南省道县井塘风电场PC总承包工程,0.5391256897690545,None,None
16353740,None,None,None,None
19350812,None,None,None,None
187242,缅甸蒙育瓦莱比塘铜矿工程采购施工总承包项目,0.5011687236826483,None,None
14781515,重庆市铜梁区生活垃圾焚烧发电BOT项目,0.3230395819668909,None,None
16493832,北海市市花公园及体育休闲公园工程总承包施工,0.4372261755762177,None,None
20276883,京沪高速公路新沂至江都段扩建工程JHK-SJ-2标段,0.4953228294250172,None,None
1641609,None,None,None,None
15610699,龙源江苏大丰(H12)200MW海上风电项目,0.33072136872756075,None,None
9898461,道真自治县产城景融合扶贫开发示范区工程项目,0.09575946561216729,None,None
1279632,"青岛市地下铁道公司中标通知书,青岛市地铁一期工程(3号线)土建施工16标段",0.23545385274176414,None,None
1673847,None,None,None,None
567316,廊坊市新世纪公园项目一标段建设工程,0.4455741081897443,None,None
15903623,古丈县城乡供排水一体化PPP项目,0.5069091185349729,None,None
125926,宝山路—东江湾路—西体育会路改建(广中路地道)工程,0.2989082054864806,None,None
243619,None,None,None,None
15936351,俄罗斯阿穆尔天然气处理厂非专利设备标段EPC总承包项目,0.5112063355230558,None,None
1822295,2015年山东高速G206莱州段路面维修工程项目,0.4958447952933771,None,None
566950,中化泉州石化项目28万吨/年硫磺回收联合装置设计、采购、施工(EPC)总承包合同补充协议(一),0.22815166102992224,None,None
16719612,None,None,None,None
159579,上海市浦东新区申江路(中环线-S2)高架专用道工程1标工程和申江路(中环线-S2)高架专用道工程10标工程,0.3998930826415009,None,None
36134,1)威宁县迤拉镇茨营煤矿由原9万吨/年改扩建至30万吨/年扩能技改工程,0.23584904009285126,None,None
20422898,None,None,None,None
2344542,确定阿波罗未来产业城启动区基础设施EPC项目,0.20404745311852357,None,None
16877584,None,None,None,None
79543,贺州市循环经济环保产业园BOT(特许经营权)项目,0.45636926505159814,None,None
1274165,国家电网公司2012年第四批电能表(含用电信息采集)招标采购,0.3638490758319813,None,None
16680236,兴隆县河道治理工程(一期)设计施工总承包(EPC)项目,0.5172222188275191,None,None
12000353,温州金融科技文化中心PPP项目,0.5074709304474394,None,None
9902151,黔西南州兴义市城市配电网建设与改造项目(EPC)招标,0.37532957718372645,None,None
17224629,遵义市高铁配套旅游A区购物中心天幕采购,0.4741306709543278,None,None
579847,中煤榆横煤化工项目公用工程中心水系统装置托管运营服务工程,0.49643934675723617,None,None
1063344,银联商务有限公司2014年POS终端设备集中采购项目,0.21105881566233356,None,None
1163071,成都市中心城区缓堵保畅“两快两射两环”项目东段改造工程“施工图设计-采购-施工总承包,0.21308046431644226,None,None
1626942,实施华容县工业集中区智慧创新产业园项目,0.19421657060509764,None,None
15732469,圣雄能源托克逊县黑山矿区露天煤矿接续工程爆破施工承包工程,0.5156798910671703,None,None
1336371,内蒙古自治区阿荣旗人民医院扩建项目,0.43954744147090674,None,None
1223354,CILACAP二期1x660MW燃煤电站项目工程承包合同,0.2402755828194213,None,None
15535074,福建省政府采购网上公开信息系统项目,0.5026714386050654,None,None
1904964,中国光大银行POS终端供应商入围选型项目,0.4962571201642056,None,None
42687,国家电网公司集中规模招标采购2011年电能表第五批项目,0.491684820156627,None,None
15791064,茂名高新技术产业开发区污水处理厂及管网配套工程项目,0.3658845592654804,None,None
1021320,武汉市某钢结构桥梁工程项目,0.3350620719300161,None,None
1709122,香港市区线地铁车项目,0.5370530683243926,None,None
447860,温州市城市中央绿轴公园(温州大道-瓯海大道段)工程,0.38542082536273187,None,None
1816553,宁波杭州湾新区滨海六路(职教西路~兴慈八路)市政工程,0.373483734238865,None,None
15611315,单县东舜河生态修复及综合整治(A段)PPP项目,0.5380517701651945,None,None
1239562,张家口坝上风电基地塞北西山风电场10万千瓦项目风电机组设备采购项目,0.4953644480985281,None,None
1134305,沈海复线高速公路漳州天宝至诏安段机电工程E1合同段,0.6631242259607956,None,None
1445930,范围包括原料破碎至水泥包装发运的整条生产线(不含桩基工程、伊拉克境内运输,0.11392941489312476,None,None
16853673,福建省晋华集成电路有限公司存储器生产线建设项目洁净工程A包(一期),0.26769923613500285,None,None
13734,None,None,None,None
439793,福建省漳州至永安高速公路龙岩段机电工程隧道通风、照明、消防及沿线供配电系统供货与安装合同(ED1合同段),0.44248171866805863,None,None
19201533,中国移动2018-2019年通信工程设计与可行性研究集中采购,0.5337027689661313,None,None
1184165,新建京沪高速铁路土建工程JTJSZ(10)-117标金属插板式声(风)屏障采购项目(FP-07包),0.5224971305035508,None,None
530845,施工及开车任务等委托总承包商进行EPC工程总承包,0.3457329659051063,None,None
2337040,济南至青岛高速公路改扩建工程项目,0.4329752874279563,None,None
1167663,"武汉市轨道交通三号线土建工程(第六标段),王家畈站、王家畈站—王家湾站区间、蔡家湾站、蔡家湾站—王家湾站区间",0.3940973790844559,None,None
16900962,栾川至卢氏高速公路(洛阳境)PPP项目,0.4939208291626481,None,None
16357298,齐鲁化学工业园高分子材料产业基地基础设施一期建设项目工程总承包(EPC)不分标段,0.45563182634035765,None,None
1727748,宁波市国际贸易展览中心11号馆工程,0.4359965270743946,None,None
1262208,硚口金三角项目A地块钢结构供应及安装工程,0.48321625803112683,None,None
1486117,上海铁栤局石泉栤单位租柭房二期项目,0.49015220305807244,None,None
15623731,桐城市同安路和盛唐路延伸段地下综合管廊PPP项目,0.4988345574880805,None,None
1569507,中国建设银行股份有限公司2014-2015年度IC空白卡采购项目,0.5210010784822746,None,None
278047,齐鲁分公司第一硫磺回收装置安全隐患治理技术改造项目,0.47586770059904654,None,None
1586721,潮州市第二污水处理厂一期工程及污泥处理中心项目,0.5194512688534492,None,None
20505220,None,None,None,None
1196266,郑州市轨道交通1号线一期工程自动售检票(AFC)系统项目,0.5126949171084321,None,None
12035067,遂宁市河东新区海绵城市建设仁里古镇PPP项目,0.4584160519134049,None,None
16490481,青岛市市北区捷能中泰片区土地开发整理项目,0.3098654329112229,None,None
16680759,阜阳市城区水系综合整治(含黑臭水体治理)PPP项目(标段一),0.5085618651173011,None,None
16384492,佛山市城市展览馆布展项目,0.30204420415392513,None,None
16707139,上海华力集成电路制造有限公司特气供给及分配系统集成项目,0.46162840923855625,None,None
184361,北仑小港通途路西、泰山路南C地块小区工程,0.46403550911501423,None,None
279928,山东齐星长山热电有限公司1—3号炉脱硝系统项目名称,0.18895580986703545,None,None
15506596,内乡天海新能源有限公司的南阳市内乡乍曲乡100MW&马山口镇50MW光伏电站项目,0.4095780557569404,None,None
283672,上海市高桥镇凌桥社区动迁房基地N5-1地块动迁安置房项目2标(除桩基)工程,0.5008594083864746,None,None
344509,三明市民生信息公共服务平台建设项目,0.5259489431040256,None,None
18281226,2017年福建联通综合代维集中采购项目,0.4121692046258089,None,None
16850121,广州市南沙区自贸试验区万顷沙保税港加工制造业区块综合开发项目,0.49690963390406895,None,None
16729293,国际低碳城产业园区配套住房项目EPC总承包”项目,0.5696335326399079,None,None
125792,招商银行信用卡中心项目总承包工程(标段二),0.5436162219419536,None,None
15638110,中国移动政企分公司信息港四号地A2-1、A2-2数据中心项目储能及备电服务采购,0.25548093745878375,None,None
16490696,None,None,None,None
1790106,None,None,None,None
1101318,宁波杭州湾新区慈溪十二塘围涂工程(新区区块)二期I标段,0.4160481120624296,None,None
14944725,美丽金湖全域生态环境保护PPP项目,0.48308580421983766,None,None
879630,None,None,None,None
1310452,河南省南水北调受水区新乡供水配套工程管材采购,0.34084585432917563,None,None
16807412,吕赵水库环境综合整治项目、滁河环境综合整治项目EPC设计施工总承包项目,0.5202227253922234,None,None
5941215,海口美兰国际机场二期扩建项目飞行区场道及附属工程(FXQ-CD-001~004标段)施工,0.3124631505674705,None,None
120894,山东省文登至莱阳高速公路项目,0.43132675729244035,None,None
16550615,温州郭溪高新技术产业园工程EPC项目,0.49514762906646176,None,None
1325423,汕尾市海堤达标加固工程(海丰东关联安围海堤)施工”项目,0.4769502874383838,None,None
62932,苏州市轨道交通4号线及支线工程警用通信系统采购项目,0.517275657369771,None,None
1160534,李家山旧城改造项目,0.5041092362652585,None,None
18285674,长垣县防汛除涝及水生态文明城市建设(东区/南区)工程PPP项目,0.4787051466933482,None,None
1127115,广州市轨道交通十三号线首期工程(鱼珠至象颈岭段)施工九标土建施工项目,0.5612465404179636,None,None
2342182,国家电网公司锡盟-泰州、上海庙-山东±800kV特高压直流工程第二批设备招标-监测系统,0.47711118457843266,None,None
1822125,江阴市山泉污水处理厂40000吨/天印染废水升级改造及中水回用工程,0.5222649714078687,None,None
14789539,青岛沃尔新源风力发电有限公司ft东莱西风电场220KV升压站工厂预制式模块化变电站工程,0.47028601016307575,None,None
2330252,吉林省中部城市引松供水工程PCCP采购一标,0.5055857766146353,None,None
4940513,东岸湿地公园项目,0.49992406734448935,None,None
15561645,None,None,None,None
16126350,茫溪河流域污染综合整治工程(一期)补水暨生态湿地项目,0.493861771036712,None,None
802850,None,None,None,None
19179629,None,None,None,None
16878298,莆田市城厢区农村污水处理工程(一期)PPP项目,0.37789792613235335,None,None
1122337,广东省农业厅二维码耳标识读系统采购项目,0.511591381128056,None,None
15452230,福鼎(龙安)生态合成革产业园基础配套设施项目(福鼎市龙,0.4272209512582054,None,None
1862961,杭绍台高速公路(台州段)PPP项目,0.4952796330876355,None,None
15667137,伊朗中东矿业设备供货项目,0.23399792889040133,None,None
15556453,国家电网公司2016年第二批配网设备协议库存招标采购,0.4946129165978579,None,None
405921,None,None,None,None
16843107,陈巴尔虎旗中国草原产业集聚区PPP项目,0.5119000671084487,None,None
4957472,丹东市垃圾处理场改造建设(焚烧发电)ppp采购项目,0.5281279218925109,None,None
14760192,遵义市新蒲新城人民公园附属道路及中轴线市政景观工程一标段,0.5194701322517837,None,None
16739175,丰宁县万胜永乡70MW集中式光伏扶贫电站项目,0.4404165641777056,None,None
1153059,杭州武林广场地下商城(地下空间开发)项目(施工总承包)施工第1标段,0.43871248994067263,None,None
1500828,None,None,None,None
1383758,杭州地铁1号线工程艮山门站/国铁联络线/艮山门站—闸弄口站—火车东站区间(5、6号盾构),0.2810348059244125,None,None
14879460,广东电网有限责任公司2016年费控计量箱框架招标项目,0.4009571149705399,None,None
1400475,四川嘉陵江苍溪航电工程3X22MW水轮发电机组及其附属设备采购,0.5130914651429136,None,None
35975,高效照明产品推广项目,0.4416792068998965,None,None
15302653,巴基斯坦伊斯兰共和国信德省省道改造项目ICB-SPRIP-03-开伯尔-桑加尔段,0.2972118914456088,None,None
16773599,超骧路停车场及景观项目和杨真停车场及配套项目设计采购施工总承包(EPC)项目,0.29138878442719685,None,None
19720539,近江单元SC0302-R21-11地块拆迁安置房项目代建,0.4626849668897899,None,None
2373554,None,None,None,None
29887,None,None,None,None
19532,广州重大装备制造基地(大岗)中船中路项目投资建设-转让(BT)分包工程,0.47097590166520725,None,None
19208908,运城市区建筑垃圾清运处置及资源化利用特许经营权投资人招标项目,0.21893474150119407,None,None
19205793,芙蓉大道绿化景观提质改造项目设计优化+施工总承包项目,0.4840679618156617,None,None
15793886,None,None,None,None
337640,湖南省衡山县污水处理厂改扩建项目,0.5210631447138722,None,None
19176591,无锡市梁溪区南湖大道与金石路交叉口东北侧地块的国有建设用地使用权,0.39825277318670593,None,None
19293592,None,None,None,None
157730,斐济DREKETI-NABOUWALU路道路升级改造项目,0.5178323284639129,None,None
1450,拉萨市城市供暖试点工程户内燃气壁挂炉供暖项目十一标段,0.5133087501694417,None,None
15699869,广东联通2017—2018年综合代维采购项目,0.4703673939046322,None,None
15688405,国家电网公司2016年昌吉-古泉±1100kV特高压直流输电线路、青州换流站、复奉线及锦苏线检修等工程线路材料绝缘子、临沂换流站-变电站工程流标绝缘子集中招标活动,0.32427724593631696,None,None
15543554,国家电网公司2016年第二次配网线路材料、设备协议库存招标项目,0.4706842020918624,None,None
1157923,莫桑比克国家情报安全总局公务员公寓项目EPC工程,0.2243318535101683,None,None
258594,成都-自贡-泸州-赤水(川黔界)高速公路成都至眉山(仁寿)段工程项目,0.24841619302164694,None,None
309616,None,None,None,None
888111,国家电网公司集中规模招标采购2011年电能表第二批项目,0.5116087020979935,None,None
1294610,河南省南水北调受水区平顶山供水配套工程10号口门供水工程管道采购第一标段,0.48308722656297826,None,None
804270,诸暨市城北水厂及城乡管网配套工程PCCP给水管及管件采购项目,0.44962124875037396,None,None
552670,新建武汉至宜昌铁路HYZQ-2标段施工总承包工程,0.5040806481845257,None,None
16874220,选聘磴口县黄河风情特色小镇PPP项目,0.3375387223519566,None,None
18298032,安徽省滁州市‘雪亮工程’PPP项目,0.5005238608244654,None,None
15620515,深圳市东部环保电厂烟气净化系统设备采购,0.5032774078341979,None,None
1629482,国家电网公司2015年第一批电能表及用电信息采集设备招标采购,0.47739500030168325,None,None
10806279,2016年山东高速养护维修工程项目,0.5073711068394829,None,None
18866336,西安浐灞生态区景观照明提升工程(EPC)项目,0.5387770660496635,None,None
16693750,中国人民武装警察部队后勤部物资采购站被装物资品种项目,0.5115553241534309,None,None
20312949,重庆市潼南区人民医院创建“三甲”医院工程,0.2788968901155422,None,None
20536373,钟祥市2017年农田安全利用与污染治理工程项目,0.5294499391210665,None,None
2344872,国家电网公司2016年第一批电能表及用电信息采集设备招标采购,0.4782277395249411,None,None
19330728,福建省泉运实业集团有限公司的全范围一体式直流充电桩采购项目,0.3389307699396017,None,None
20467622,新建潍坊至莱西铁路工程,0.46040510728353207,None,None
16937832,None,None,None,None
397272,宁波市中山路(机场路至世纪大道)综合整治项目市政工程(施工)江东段,0.4189487835026524,None,None
14854433,ft西华泽铝电有限公司2×300MW发电机组汽轮机通流,0.22307293194883812,None,None
569424,都江堰市青城山镇青城村八组三宗土地共计157200.78平米(合235.8亩)的国有土地使用权,0.31761946173138583,None,None
19325316,None,None,None,None
1692446,济南绕城高速济南连接线工程设计施工总承包项目,0.3841762773460221,None,None
1534027,杭州地铁1号线工程滨江站—富春路站区间(1、2号盾构)工程项目,0.4447799812814159,None,None
130272,新建铁路库车西至俄霍布拉克支线工程ZHS标段,0.5330787079753977,None,None
4922662,赣州市餐厨废弃物资源化利用和无害化处理项目,0.4731970007927784,None,None
1235563,凉都大道、人民路等路段改造提级工程EPC+BT项目,0.3678747698355766,None,None
1084399,县城凤凰山栈道建设工程I标段,0.5088937531189534,None,None
16910813,襄州区“绿满襄州”提升行动PPP项目(二次),0.5106876557719564,None,None
15363046,贵州新蒲经济开发区环卫工作市场化管理,0.516520396463655,None,None
1550126,None,None,None,None
16350355,秘鲁2016-2018民用电表与防窃电电表联合采购招标项目,0.5049281295728744,None,None
14213131,国家电网公司2016年第二批电能表(含用电信息采集)招标采购活动,0.3472040065895134,None,None
16819550,南浔镇小城镇环境综合整治工程EPC总承包项目,0.4967805706689159,None,None
1408355,委内瑞拉瓜里科河灌溉系统修复扩建工程,0.32596620729093617,None,None
862435,三期2×220MW机组技改工程烟气脱硫岛EPC总承包项目,0.5268663353555709,None,None
15485768,杭州地铁5号线一期工程五常车辆段I标段项目,0.5035065749158668,None,None
16516304,简阳市东城新区雄州大道提质改造工程,0.49995503381700607,None,None
15798764,None,None,None,None
20207034,成都市双流区空港中央公园之五湖四海一期工程勘察-设计-施工总承包(EPC),0.5065490140627641,None,None
1081953,约定由中国电信集团系统集成有限责任公司授权中国电信股份有限公司娄底分公司全权处理项目,0.4709352152710129,None,None
1309133,国家电网公司2012年第二批电能表(含用电信息采集)招标采购,0.27986108308495655,None,None
19355409,杭州地铁3号线一期工程土建施工SG3-9标段施工项目,0.5238743092761335,None,None
16237350,None,None,None,None
241954,国家高速公路网十堰至天水联络线(G7011)陕西境白河至安康公路机电工程施工(AD-D01~05、AD-D08~13、AD-D15~17标段)共14个标段,0.2733028335516516,None,None
15679521,遵义市南部新区基础设施及公共服务类项目第七项目包遴选社会资本合作人公开采购项目,0.5157971551756682,None,None
16647779,中国电建集团甘肃能源投资公司大宗化学药品及化学实验室药品采购招标(标段一:巴基斯坦卡西姆港2×660MW燃煤电站大宗化学药品及化学实验室药品),0.4842024048989954,None,None
1342136,None,None,None,None
15827840,乌海洪远新能源科技有限公司乙炔化工新工艺40万吨/年多联产示范项目工程施工总承,0.6147435862713948,None,None
547096,贵州乌江水泥有限责任公司签署了新型干法水泥生产线节能技改工程总承包项目,0.14665219610737903,None,None
254652,合肥新桥国际机场高速公路机电工程施工,0.49999633183597336,None,None
20504062,新建川藏铁路拉萨至林芝段站前工程LLZQ-12标段,0.4915380127043343,None,None
1842025,None,None,None,None
16278183,新疆银行信息应用系统开发总集成项目,0.43660291806645135,None,None
1316141,北大国际医院集团西南合成制药股份有限公司环保搬迁技术改造项目,0.4900396075154168,None,None
16756565,垃圾发电EPC工程总包项目,0.48808308470813344,None,None
1154394,哈尔乌素露天煤矿2013年生产剥离外包一期工程二标段、四标段,0.4608934607765367,None,None
17030573,乌拉特前旗生态治理PPP项目,0.503662171455769,None,None
988354,潍坊至日照高速公路滨海连接线工程项目,0.526945262319531,None,None
19164075,丹江口市城区沙沟河生态修复工程PPP项目,0.6896505338054647,None,None
1122791,苏州中环快速路工业园区段工程标段八”项目,0.4965625842074077,None,None
16285224,盘龙江景观亮化提升改造项目,0.17204645487964482,None,None
480857,齐鲁分公司第一硫磺回收装置安全隐患治理技术改造项目EPC总承包,0.43587190275711074,None,None
600437,None,None,None,None
20266399,富阳区春南安置小区建设工程PPP项目,0.5127792398842929,None,None
1444876,净化海港计划第二期甲昂船洲污水处理厂连接隧道及主泵房隔膜墙建造工程,0.355900995748664,None,None
20331065,西峡县鹳河生态文化园PPP项目,0.5115100847806211,None,None
336265,None,None,None,None
1735608,"靖江市政府将未来5年(2015-2019年)由市财政及投资公司投资建设的靖江市智慧城市项目通过合法有效方式总包给公司承建,项目范围涵盖靖江市智慧城市项目的总体规划设计、智慧港口、智慧旅游、市民一卡通、平安城市、智慧园区、智慧管网等",0.361976233460956,None,None
16765229,泰和县马市生态文化旅游特色小镇PPP项目,0.5174678797984099,None,None
1067240,None,None,None,None
185226,500kV直流输电工程直流线路塔材线材类采购项目,0.27313524569903164,None,None
16498925,郑州市轨道交通2号线二期工程综合监控系统集成项目,0.5488291429582253,None,None
413317,浦江高科技园A1地块工业厂房项目一期工程,0.48922031814606287,None,None
16656778,铝合金高速双体客船采购项目,0.2698866205487912,None,None
1780113,山西省晋中东山供水工程管材采购01标,0.4959087719374327,None,None
19293421,中国邮政储蓄银行股份有限公司江苏省分行现金出纳机具厂商优选项目,0.256829815945637,None,None
15814988,疏勒县公安局监控、卡口、高空云盘建设项目第一标段,0.38675084443387836,None,None
113573,锡盟~山东1000千伏交流特高压输电线路工程瓷绝缘子集中招标活动,0.3732874687491245,None,None
9885660,万国数据北京3#(日上)数据中心工程,0.2896087177501545,None,None
16350318,国家电网公司2017年淮南~南京~上海1000kV交流特高压输变电工程苏通GIL综合管廊工程设备招标,0.4633298770900841,None,None
1285975,国家电网公司输变电项目哈密南-郑州±800千伏特高压直流输电线路工程导线施工标段(二)导地线招标活动,0.13817668117080417,None,None
1751271,达州市马踏洞片区道路、跨铁路大桥等工程PPP项目,0.48027004297626097,None,None
15884889,六枝特区农村环境整治工程项目一期(环境整治)一标段勘察、设计、施工(EPC)总承包,0.5285726343799936,None,None
1905475,宜宾市南溪区环长江大道PPP项目,0.5146245470550185,None,None
14965607,四川省甘孜州稻城桑堆至乡城然乌公路改建工程土建施工LJ5标段,0.5057305903130666,None,None
1111971,宁波市镇海大道(原镇海新区主干道东外环—镇骆路段)工程(施工),0.31141783421457275,None,None
22912,None,None,None,None
1882097,国家电网公司2015年榆横-潍坊1000kV特高压交流输电线路工程瓷绝缘子集中招标活动,0.40794914790016074,None,None
797610,宁波市轨道交通1号线二期工程自动售检票(AFC)系统招标项目,0.5239529431526765,None,None
62463,都江堰市青城山镇青城村八组三宗土地共计157200.78平米(合235.8亩)的国有土地使用权,0.31761946173138583,None,None
12051125,2016-2018年通信基站(含室分)综合维护、发电服务及共享改造服务项目,0.4646589580791905,None,None
15486519,2016年工业强基工程(第二批)项目,0.5012376959764294,None,None
5234592,武汉市轨道交通7号线工程自动售检票系统总承包项目,0.5208156303247753,None,None
248934,国家电网公司集中规模招标采购2011年电能表第二批项目,0.5184147137572124,None,None
144391,新建宝鸡至兰州铁路客运专线甘肃段(DK683+620~DK986+324.33)站前工程、陕西段无砟轨道轨枕预制和铺轨施工工程的BLTJ-4标段、BLTJ-2标段、BLTJ-6标段、BLTJ-7标段、BLTJ-8标段、BLTJ-3标段施工总价承包,0.49650838432847444,None,None
1486986,国家电网公司集中规模招标采购2011年电能表第三批项目招标活动,0.45141412353847143,None,None
18849415,梅山保税港区企业服务平台PPP项目,0.5056747709568361,None,None
16125495,国家电网公司2017年第一次电能表及用电信息采集设备招标活动,0.42221781998804925,None,None
241650,平定县可再生能源集中供热(冷)项目,0.46610460673138815,None,None
1152113,北营公司炼铁厂300m2、360m2烧结机烟气脱硫装置总承包+运营项目,0.25802216626273594,None,None
349786,国家电网公司2014年第三批电能表及用电信息采集设备招标采购,0.4850121852603515,None,None
824999,中国农业银行2008年自助设备采购项目,0.4848861120545136,None,None
19172564,上海某项目钢结构制作合同项目,0.1904674807995026,None,None
806313,长沙市轨道交通2号线一期工程警用通信系统采购及服务项目,0.5076224306968947,None,None
17295631,内乡县贫困村公共基础设施建设PPP项目,0.529034578852303,None,None
30104,淮安市白马湖森林公园项目,0.17107767282098368,None,None
18891595,“美丽青岛行动”重要道路沿线亮化提升工程(香港路、东海路、澳门路沿线)总承包四标段,0.3901922328345948,None,None
16223345,连城县市政基础设施PPP项目,0.5056106113007911,None,None
408864,国家电网公司变电项目2013年第三批货物集中招标项目和上海市电力公司2013年第三批用户出资设备材料协议库存招标采购项目,0.4941515614781514,None,None
1795916,旺苍县城至陕西宁强界公路改建工程(一期)PPP项目,0.5383216778270059,None,None
1462882,成都市双流县天府新区仁宝项目园区道路建设-移交,0.11089617955413308,None,None
1782695,新建宝鸡至兰州铁路客运专线工程(陕西段)甲供物资招标,0.441919959578599,None,None
1137707,国华能投光伏组件集中采购(第一标段),0.2572255130902601,None,None
19282708,大兴区礼贤镇农村污水治理工程PPP项目,0.5118665937153638,None,None
20293065,济源市生活垃圾无害化处理场一期封场及生活垃圾焚烧发电配套转存场PPP项目,0.5422457013589606,None,None
16120212,恒力石化(大连)炼化有限公司2000万吨/年炼化一体化项目,0.4886626236444552,None,None
15191764,四川省广安市邻水县住房和城乡规划建设局御临河关门石至曹家滩及其支流综合整治工程PPP项目,0.5087867827424859,None,None
1309145,None,None,None,None
20168849,鲁南高铁LQTJ-1标项目经理部、中铁十九局集团第一工程有限公司、中铁二十一局集团有限公司鲁南高铁LQTJ-2标项目经理部、中国铁建大桥工程局集团有限公司鲁南高铁LQTJ-3标项目经理部、中交第一航务工程局有限公司、中交隧道工程局有限公司、中交第一公路工程局有限公司鲁南高铁RLTJ-3标项目经理部、中交第四公路工程局有限公司鲁南高铁RLTJ-3标项目,0.24306829844921232,None,None
20380730,衢州市社会保险事业管理局按疾病分组点数法付费购买服务项目竞争性谈判项目,0.474185396536158,None,None
581017,青岛临港经济开发区园区环境综合整治提升工程施工总承包项目,0.5603894452888682,None,None
9889072,云南省新闻出版广电局中央广播电视节目无线数字化覆盖工程备用信号源系统设备采购项目,0.5024063272948088,None,None
18839166,XX部队XX直升机飞行模拟器研发采购项目,0.36826454433724354,None,None
16148853,阳江港高速公路怀集至郁南段一期工程土建工程(路基、桥涵、隧道)施工招标(TJ8标段),0.22833037160641328,None,None
16354244,三峡新能源江苏大丰300MW海上风电项目,0.36476665090984406,None,None
88666,中水建阳江阳东农垦局鸡山风电场项目,0.39822281196939735,None,None
343515,鞍山市鞍山路(通海大道至汇园大道)四标段景观工程,0.5195430007940902,None,None
16377532,郎溪国购广场商业项目、宿州国购广场商业项目,0.37323210308022786,None,None
20258291,广东省公安厅2016-47警用被装采购项目,0.34877694185150837,None,None
1696428,一汽-大众汽车有限公司组织的“一汽—大众汽车有限公司青岛工厂项目(一期)”设备采购国际招标活动,0.3385740008673473,None,None
12028335,萧山围垦北线(四~外六工段、外十~二十工段)标准塘工程I标段,0.33984235122498113,None,None
294480,印尼PKG合成氨尿素工程总承包项目,0.41285974092152405,None,None
38778,None,None,None,None
1843183,国家电网公司2015年第三批电能表及用电信息采集设备招标活动,0.4499686926524535,None,None
20178275,内黄县流河沟及硝河水环境治理工程PPP项,0.5120784872743108,None,None
16357215,35省道(S322)仙居桐桥至官路段改建工程路面-第5施工(E3300000001000613)标段”工程,0.17322865817924404,None,None
15519246,中移物联网有限公司2016年定制化新魔百和采购项目,0.49209602065670466,None,None
1008828,永鼎泰富联合北京中缆通达电气成套有限公司、福建省电力工程承包公司组成,0.22733829590005405,None,None
558587,钱江世纪城人才专项用房一期项目一标段工程,0.2444951550188198,None,None
320847,None,None,None,None
777188,云南省2012年保障性住房保山、昭通、芒市电梯采购及安装,0.4298822633499495,None,None
1341701,国家电网公司2012年第二批电能表(含用电信息采集),0.18900171993970277,None,None
1878586,None,None,None,None
228211,海南国际旅游岛先行试验区基础设施和公共建筑项目投融资建设公开招商比选(BT方式),0.19225219918315523,None,None
788992,杭州至长沙铁路客运专线江西段四电系统集成项目部签发,0.42498754769341474,None,None
604443,None,None,None,None
1503178,厦门至成都国家高速公路赣州至崇义(赣湘界)段建设项目土建工程A3合同段施工工程,0.5085157217575066,None,None
17916845,乌蒙山叙永县水潦乡至古蔺县太平镇农村扶贫公路建设工程PPP项目,0.46851109556042186,None,None
1035395,国家电网公司2013年第四批电能表及用电信息采集设备招标采购,0.23759145647335733,None,None
930948,哈萨克斯坦埃米尔油田油气联合处理站工程项目,0.5680891499842486,None,None
1449232,长沙市营盘路湘江隧道工程设计施工总承包工程、重庆南川至万盛高速公路土建工程A2合同段和广东省珠海市高栏港高速公路K35+650~K59+201.925段土建工程施工招标第A2标段三项重大工程,0.5339672947827873,None,None
1153763,轨道交通11号线北段(罗山路—迪士尼乐园)工程4标段横新路站~高架分界里程(申江路以东)高架区间土建工程,0.487441986426022,None,None
19307943,肃宁县污水处理厂TOT项目,0.5028612333287364,None,None
19218203,罗甸县旅游基础设施建设PPP项目,0.5293939614624017,None,None
2026084,三路一桥”PPP项目中兴大桥及接线(江南路-青云路)工程,0.2283277963743356,None,None
16901336,霍邱县矿区、园区路网工程PPP项目,0.5153170343244236,None,None
16911009,包头市大青山南坡生态修复工程PPP项目,0.5127632299423279,None,None
1868974,赣州市餐厨废弃物资源化利用和无害化处理项目,0.534524916004527,None,None
1656890,南京环球贸易广场工程施工总承包建设项目,0.5028592844919286,None,None
596560,浙江省电力公司计量中心智能生产系统项目,0.28920440414053483,None,None
15631461,四川省木里县依吉等9个通乡油路工程设计施工总承包(EPC)项目,0.5108747199014757,None,None
18005611,None,None,None,None
16937584,None,None,None,None
798075,河北省南水北调配套工程邢清干渠工程管道制造第五标段,0.4267175010195954,None,None
1751426,中国非公立医疗行业信息化服务管理,0.5112555405898312,None,None
20180174,None,None,None,None
2354985,国家电网公司2016年昌吉-古泉±1100kV特高压直流工程第一批设备招标-电抗器,0.3394039878472266,None,None
16551806,上海市浦江郊野公园奇迹花园泛光照明工程设计及施工,0.4686770497662338,None,None
2416773,海城市基础设施建设PPP项目,0.49587676897569577,None,None
18863041,某项目一钢结构加工项目,0.43405386178008976,None,None
20506833,中国移动2017年至2018年传输管线工程施工服务集中采购(补充采购)(广西)项目,0.517941227110124,None,None
39498,成都市新建污水处理厂厂外工程管材材料采购,0.5228047013476047,None,None
1446908,宁波市轨道交通1号线一期工程地下工程IV标段施工工程,0.4948996579241637,None,None
1745388,国家电网公司变电项目2015年第四批货物集中招标,0.23575474976286084,None,None
1125183,广西金融广场幕墙工程项目位于南宁市东盟商务区核心区,0.42918075740805395,None,None
19352061,宁波市轨道交通4号线及2号线二期工程车辆牵引系统采购II标段项目,0.5218892969816674,None,None
131015,高效照明产品推广项目,0.40201401172221657,None,None
816857,广东电网公司2014年低压集抄、负荷管理终端等计量自动化设备框架招标项目,0.4520376633937813,None,None
16649921,吉水县先贤文化园、杨万里公园文化景观、樟吉高速连接线绿化景观提升、金樟大道(吉水段)绿化景观提升设计、采购、施工(EPC)总承包项目,0.5487014056525004,None,None
16213326,华阴市长涧河流域综合治理工程(一期)PPP项目,0.5110144245175918,None,None
14759448,咸阳彩虹厂房钢结构制作、运输,0.3760297506784002,None,None
1802715,国家电网公司2015年电源项目第五批招标采购,0.2771025220386472,None,None
2067859,青岛-海阳城际(蓝色硅谷段)轨道交通工程交流40.5kV开关柜及继电保护装置采购项目,0.5209370664559384,None,None
2039920,自贡市东部新城生态示范区一期工程PPP项目,0.5003301055919536,None,None
346435,东莞市新能源汽车推广应用项目第一期第三方运营资质,0.4892547689940173,None,None
246612,合肥滨湖新区智能化交通安全管理设施一期工程项目,0.5164968734884889,None,None
65460,国家电网公司2014年第二批电能表及用电信息采集设备招标采购,0.4782992121269852,None,None
1852081,None,None,None,None
363864,中国移动通信集团湖北有限公司2014-2016年襄阳、宜昌大区地面美化塔采购项目,0.47133289053398825,None,None
16498942,贵州省乡镇卫生院远程医疗全覆盖设备采购项目,0.4868652921065654,None,None
219048,涡阳县城西保障性安居工程(含农民工创业园内5栋楼)施工工程,0.4872357989130047,None,None
1301948,双维伊士曼纤维有限公司年产3万吨醋酸纤维束项目,0.4624342321698581,None,None
15582961,国家电网公司输变站项目2016年第六次变电设备(含电缆)招标采购—配电自动化,0.40575402103469155,None,None
20234123,中国建设银行股份有限公司2018-2019年度全行智能POS设备(手持式)采购项目,0.5071441342138143,None,None
891026,国家电网公司2014年第一批电能表及用电信息采集设备招标采购,0.47656178782072556,None,None
2339502,西藏日喀则机场至日喀则市专用公路新改建工程施工招标第A标段,0.3480040161683679,None,None
220333,新建合肥至福州铁路闽赣段“四电”系统集成及相关工程、信息系统HFMGSD标段,0.5453175072149282,None,None
1383835,新洛路(成青路口至龙泉驿界)改造工程,0.509096303948999,None,None
286642,东北制药集团股份有限公司异地改造建设项目污染治理工程-焚烧车间EPC总承包合同,0.37372655663511595,None,None
1872860,国家电网公司2015年内蒙古锡盟-江苏泰州、上海庙-山东±800kV特高压直流线路工程铁塔集中招标活动项目,0.5035065166327931,None,None
978673,None,None,None,None
804630,国家电网公司各省(地区)2013年第一批配(农)网设备协议库存招标采购项目,0.4352335475676243,None,None
20336047,沈阳市老虎冲生活垃圾卫生填埋场渗沥液处理PPP项目,0.49267419835935633,None,None
19326091,鄢陵县基础教育提升暨义务教育发展基本均衡县创建建设PPP项目,0.4395229880277284,None,None
1780089,合肥至芜湖铁路电气化改造工程站后四电工程,0.5019626750166233,None,None
750585,合金循环经济产业基地2×350MW热电联产动力车间工程锅炉设备供货,0.3076422059376971,None,None
16910454,None,None,None,None
9875644,赤峰新区夜景照明改造升级PPP项目,0.527103654109463,None,None
1639902,广州至高明高速公路广州段交通工程(SG15)[JG2014-1966-002]项目,0.46676019142751113,None,None
1322654,吉尔吉斯国内奥什伊斯法纳道路升级改造一期项目——布甘迪至巴特肯标段,0.6390086070423991,None,None
1106342,新城区大青山万亩草场恢复建设项目,0.3874552720706792,None,None
785325,国家电网公司2014年第一批电能表及用电信息采集设备招标采购,0.4950709849685126,None,None
1154074,None,None,None,None
148643,国家电网公司2012年第四批电能表(含用电信息采集)招标采购,0.3136764314726956,None,None
16877575,北京市顺义区高丽营镇春晖园温泉度假酒店内的景观湖及周边水体景观水质提升项目,0.4226156104945698,None,None
1030684,None,None,None,None
9871980,新能能源有限公司20万吨/年稳定轻烃项目水系统设计、采购工程管理承包工程,0.5040618273411933,None,None
1356057,广州市职业技术教研室广州市职业教育信息系统2011年建设项目,0.49897247335754685,None,None
16689766,庆阳市海绵城市试点建设项目—项目包3,0.3960181210618055,None,None
807026,安阳供水配套工程管道采购03标,0.5035416639813162,None,None
1028888,国家电网公司2014年采集系统建设专项批次采购项目,0.4799818251488735,None,None
1660185,None,None,None,None
937571,长沙市开福区捞刀河南岸五合垸宗地”项目,0.4045196935026006,None,None
15775611,中国南方电网有限责任公司2016年电能表类第二批框架招标项目,0.45730161541691217,None,None
354845,温江生态绿道景观改造工程(万春绿道示范段项目+生态园林公园+增补道路),0.5067001922483134,None,None
14075594,中国移动2016年度特种光缆产品集中采购项目,0.5047144352875981,None,None
20102584,一批“雪亮工程”项目,0.36550542038883643,None,None
16212346,2017年养护维修专项工程设计施工总承包标段,0.12830083888928157,None,None
18004523,国家电网公司2017年第二批配网设备协议库存招标采购,0.4999316715478,None,None
1895831,潍日高速公路第三标段工程项目,0.5056037362381693,None,None
1447196,南方电网公司2011年一级物资集中采购10kV配网设备材料11-6-2批项目,0.43009949098117634,None,None
262879,苏州市轨道交通2号线工程警用通信系统采购项目,0.5197063667011419,None,None
1088650,None,None,None,None
4315,河南省南水北调受水区南阳供水配套工程管道采购1标,0.5074060256534542,None,None
1746679,荥阳市视频监控建设项目,0.5024085689792579,None,None
16331600,中国石化2017-2018年度办公用品集中采购项目账册,0.19146356859852462,None,None
2274732,成都市IT大道现代有轨电车工程及市政改造工程建设项目,0.5039766267071253,None,None
1891127,泰安徂汶景区汶河湿地生态保护与综合利用PPP项目社会资本方采购项目,0.4032240993914706,None,None
294756,西藏自治区省道301线班戈至雄梅公路改建工程项目,0.5125116153598139,None,None
16312834,洪泽区人民医院异地新建工程PPP项目,0.5133060688988634,None,None
280216,广州市轨道交通七号线(一期)、八号线(凤凰新村-白云湖)供电系统1500V直流电力电缆设备采购,0.5321882517282248,None,None
15702500,贵州省江津(渝黔界)经习水至古蔺(黔川界)高速公路路面工程(不含赤水河特大桥)项目,0.5048860918363194,None,None
308941,国家电网公司2014年第四批电能表及用电信息采集设备招标采购,0.40676869551120554,None,None
1399668,甘肃酒泉风电基地瓜州干河口第四风电场20万千瓦风电特许权项目风电机组设备采购,0.5109406931043806,None,None
404089,改建铁路南疆线轮台至库车、库车至特尔希克、特尔希克至喀拉玉尔滚、喀拉玉尔滚至阿克苏站前工程ZH3标工程,0.5121212935121378,None,None
16874071,西安体育中心项目体育馆、游泳馆及其配套设施的钢结构工程,0.4518916360918679,None,None
1890777,山西省吕梁市离石区智慧城市建设项目政府与社会资本合作项目,0.3337588729263363,None,None
2256086,深圳市东部公共交通有限公司2016年3024辆纯电动公交客车更新解决方案项目”标的1、标的2、标的3、标的4、标的5,0.19551549350323394,None,None
20244963,汾河流域生态修复汾河干流稷山城区段综合治理工程PPP项,0.5269769953827457,None,None
18839930,济宁经济开发区新河公园、润河公园、三韩河景观工程PPP项目,0.4025318921582306,None,None
15543751,火车北站站前广场及附属设施、站前大道、上跨杭瑞高速公路跨线桥工程等建设项目,0.5045546406891663,None,None
16857044,南京市2017年新建充电站项目,0.5040055754905101,None,None
16193068,个旧市城乡景观提升改造灯光工程设计施工总承包(EPC),0.46739112927100224,None,None
1289875,河南省南水北调受水区周口供水配套工程管材采购03标段,0.4667688917246525,None,None
15645146,杭浦高速海盐互通改造及连接线工程项目、创业路(盐平塘西路-海景路)项目、滨海大道北段(创业路-盐东路、水桥-海港大道)项目、水桥(杭平申线航道改造工程海盐段)项目、滨海大道南段(环城南路—秦山路)项目、滨海大道南段(秦山路-朝阳东路)项目,0.39922314577761514,None,None
1722739,None,None,None,None
1719469,杭州地铁5号线一期工程土建施工SG5-8标段,0.4198606077416807,None,None
297117,中国建设银行股份有限公司2014-2015年度金融IC卡芯支付终端采购项目(B款),0.6610058717502901,None,None
608020,None,None,None,None
563887,株洲大剧院及艺术中心钢结构工程项目,0.6717348803500651,None,None
802474,贵州省黔西南州望谟县公安局城市报警与监控系统服务项目,0.5058607276666395,None,None
16353769,隆平高科技园智慧路灯共杆系统改造工程(土建)项目,0.5338153700880663,None,None
1582013,合肥清溪净水厂PPP招标项目,0.5036782650331656,None,None
16415548,None,None,None,None
15910509,浙江石油化工有限公司4000万吨/炼油化工一体化项目,0.5240741230118148,None,None
19300049,重庆两江新区工程建设,0.4619356841639353,None,None
1710465,长沙市轨道交通3号线一期工程通信部分子系统采购及集成服务项目,0.5364514626192121,None,None
16189218,温宿县托甫汗镇特色小城镇建设项目一期(设计、施工总承包)二次,0.3880265929627967,None,None
17953,广百集团LED照明示范工程项目,0.42091906692788433,None,None
2611162,衡水27万方车用生物天然气工程项目一期工程成套设备采购项目,0.6568507013197022,None,None
1309266,国家电网公司2012年第二批电能表(含用电信息采集)招标采购,0.3954293231369136,None,None
550144,东西通道浦东段拓建工程2标工程,0.46625779534537337,None,None
19196626,孟州市垃圾运输异地处理项目,0.5010396524321311,None,None
14737217,ft西阳泉市采煤沉陷区国家先进技术光伏发电示范基地项目,0.1435676997612244,None,None
620839,None,None,None,None
246613,国家高速公路网沈海线厦门至漳州高速公路漳州段扩建工程机电工程ZE合同段,0.667404528279352,None,None
19242656,中国移动ICT一体化支撑项目,0.4229181206581274,None,None
15753780,None,None,None,None
345259,None,None,None,None
18875252,广东电网有限责任公司2018年中低压电缆、低压电线等材料框架招标,0.49940141086448664,None,None
16349201,郑州市轨道交通5号线工程综合监控系统集成项目,0.5357341332678128,None,None
132950,兰州至海口国家高速公路广元至南充段工程项目第B类GN11标段、第C类GN5标段、第D类GN19标段,0.504787282565384,None,None
14879043,None,None,None,None
1311355,田湾核电站3-8号机组扩建工程、湖南桃花江核电工程、辽宁徐大堡核电工程等核电项目,0.11716869585736181,None,None
37038,电缆分支箱(包3)、环网柜(包3和包10),0.23867903261274517,None,None
15366074,2016年度第五十四批集中招标(第二批光伏并网逆变器设备)项目,0.33514593706361245,None,None
1499321,新建沪昆铁路客运专线长沙至昆明段(贵州)站前工程施工总价承包CKGZTJ-5,0.3251138952471288,None,None
16202218,国家电网公司2017年第二次信息化项目招标采购、输变电项目2017年第二次变电设备(含电缆)招标采购—配电自动化主站、输变电项目2017年第二次变电设备(含电缆)招标采购—继电保护和变电站计算机监控系统、输变电项目2017年第二次变电设备(含电缆)招标采购-通信设备集成服务及新建通信网设备,0.46619814009557103,None,None
1198179,武汉市轨道交通四号线一期及二期工程自动售检票系统集成项目,0.5445828108191719,None,None
1162537,None,None,None,None
376954,新建铁路福厦福州南站房及配套工程施工总承包工程,0.5183735713594217,None,None
1348341,济南市生活废弃物处理中心生活垃圾渗滤液处理BOT项目,0.49903221055213126,None,None
1876316,None,None,None,None
16770283,邢台市环境保护局邢台市乡镇小型空气站建设项目,0.4636731983914607,None,None
15561856,嘉会城项目(城市综合体),0.22844599709350213,None,None
2359089,国家电网公司2016年第一批电能表及用电信息采集设备招标活动,0.3891228676574576,None,None
16601364,东阿县创森及生态环境综合治理工程社会资本方采购项目,0.5525938669361309,None,None
1721725,国家电网公司酒泉-湖南±800kV特高压直流输电工程和山西晋北-江苏南京±800kV特高压直流输电工程第一批设备招标-静态无功补偿装置”包3,0.37923384760952894,None,None
16825009,公园一期工程项目(EPC),0.1381100058616317,None,None
542905,青浦区城镇污水处理厂污泥应急干化工程,0.20307859022399974,None,None
2015570,集双高速集安至通化段主体工程,0.506008794658006,None,None
1134496,兰州至海口国家高速公路临洮至渭源段建设项目LW10标段,0.3589685996240929,None,None
592934,新建京沪高速铁路土建工程(三标段)金属插板式声(风)屏障采购项目,0.5101397696584425,None,None
14213141,国家电网公司2016年第二批电能表及用电信息采集设备招标采购项目,0.47210332242881997,None,None
6342478,"新安市智慧城市服务项目,将帮助新安市构建“网格化+”智慧城市生态系统,推动新安城市精细化、智慧化、现代化管理",0.4658770206387334,None,None
15548500,中山火炬开发区内河涌综合整治一期生态修复项目,0.5398922947289653,None,None
20239073,青岛西海岸新区城市管理局景观照明优化提升工程PPP项目,0.49375021842689376,None,None
15680338,云南省德宏州党政军警民合力强边固防数字边防建设项目,0.4818462517707305,None,None
12023267,孟加拉达卡市签署孟加拉帕德玛大桥铁路连接线项目,0.48744962054924934,None,None
1095782,广州市轨道交通二十一号线工程(施工17标)”项目,0.42016442638269685,None,None
16716940,南浔镇小城镇环境综合整治工程EPC总承包项目,0.5007993476589093,None,None
404953,湖南省张家界至花垣高速公路项目土建工程施工第8合同段工程,0.5143599489469528,None,None
16716690,霍林郭勒市生态景观绿化工程PPP项目,0.497591262398644,None,None
16148875,某项目钢结构加工项目,0.3485615324248825,None,None
